{
  "meta_title": "",
  "meta_description": "",
  "sections": [
    {
      "type": "banner-slider",
      "autoplay": 9000,
      "full_width": true,
      "slides": [
        {
          "img": "/img/uploads/miniatura-do-youtube-influenciador-digital-salario-de-blogueira-1-.png",
          "link": "/headset",
          "alt": "Headset banner",
          "start": "2020-04-11T05:54:06.750Z",
          "end": "2020-12-31T03:00:00.000Z",
          "mobile_img": ""
        },
        {
          "start": "",
          "end": "",
          "img": "/img/uploads/miniatura-do-youtube-influenciador-digital-salario-de-blogueira-1-.png"
        }
      ]
    },
    {
      "type": "info-bar",
      "enabled": true
    },
    {
      "type": "collection-shelf",
      "shuffle": false,
      "collection_id": "620ea2627963422eee0a5734:categories:VESTIDOS:/vestidos",
      "sort": "sales",
      "title": "",
      "headless": false,
      "limit": 12,
      "page": 1
    },
    {
      "type": "collection-shelf",
      "shuffle": true,
      "limit": 12,
      "page": 1,
      "collection_id": "620ea3987963422eee0a5a41:categories:SHORTS:/shorts",
      "sort": "news"
    },
    {
      "type": "collection-shelf",
      "shuffle": false,
      "limit": 12,
      "page": 1,
      "collection_id": "620ea3327963422eee0a5941:categories:T-SHIRTS:/t-shirts",
      "sort": "sales"
    },
    {
      "type": "page-title",
      "title": "",
      "description": ""
    }
  ]
}